X,Y,Name,Capacity,Congestion,cluster
-103.43161,20.67771196,Galerias,3000,0,0
-103.4322829,20.67889719,Walmart,700,0,0
-103.4321337,20.68015,SAMS,700,0,0
