X,Y,Name,Capacity,Congestion,cluster
-103.4288958,20.67876716,Costco,700,0,1
-103.429504,20.67608732,Cormercial,700,0,1
